"開講年度","開講箇所","科目名","担当教員","学期曜日時限","科目区分","配当年次","単位数","使用教室","キャンパス","科目キー","科目クラスコード","授業で使用する言語","コース・コード","大分野名称","中分野名称","小分野名称","レベル","授業形態"
"2018年度","基幹理工学部","プログラミングＡ　1班","坂本　一憲／寺内　多智弘／森　達哉／鷲崎　弘宜","春学期&nbsp;&nbsp;月３-４","専門必修","２年以上","3","５２-３０２教室","西早稲田（旧大久保）","2603012001","01","日本語","INFN21ZL","情報学","プログラミング言語","一般","中級レベル（発展・応用）","講義"
"2018年度","基幹理工学部","プログラミングＡ　2班","坂本　一憲／寺内　多智弘／森　達哉／鷲崎　弘宜","春学期&nbsp;&nbsp;月３-４","専門必修","２年以上","3","５６-１０３教室","西早稲田（旧大久保）","2603012001","02","日本語","INFN21ZL","情報学","プログラミング言語","一般","中級レベル（発展・応用）","講義"
"2018年度","基幹理工学部","プログラミングＡ　1班　【前年度成績S評価者用】","坂本　一憲／寺内　多智弘／森　達哉／鷲崎　弘宜","春学期&nbsp;&nbsp;無その他","専門必修","２年以上","3","&nbsp;","西早稲田（旧大久保）","2603012001","S1","日本語","INFN21ZL","情報学","プログラミング言語","一般","中級レベル（発展・応用）","講義"
"2018年度","基幹理工学部","プログラミングＡ　2班　【前年度成績S評価者用】","坂本　一憲／寺内　多智弘／森　達哉／鷲崎　弘宜","春学期&nbsp;&nbsp;無その他","専門必修","２年以上","3","&nbsp;","西早稲田（旧大久保）","2603012001","S2","日本語","INFN21ZL","情報学","プログラミング言語","一般","中級レベル（発展・応用）","講義"
"2018年度","基幹理工学部","情報数学Ａ","石川　博／杉本　晃宏","春学期&nbsp;&nbsp;火５時限","専門必修","２年以上","2","６３-２０１教室","西早稲田（旧大久保）","2603012002","01","日本語","INFA21ZL","情報学","アルゴリズムと複雑性","一般","中級レベル（発展・応用）","講義"
"2018年度","基幹理工学部","情報数学Ａ　【前年度成績S評価者用】","石川　博／杉本　晃宏","春学期&nbsp;&nbsp;無その他","専門必修","２年以上","2","&nbsp;","西早稲田（旧大久保）","2603012002","S1","日本語","INFA21ZL","情報学","アルゴリズムと複雑性","一般","中級レベル（発展・応用）","講義"
"2018年度","基幹理工学部","回路理論Ａ","田中　良明","春学期&nbsp;&nbsp;月１時限","専門必修","２年以上","2","５７-２０１室","西早稲田（旧大久保）","2603012003","01","日本語","ELCX20ZL","電気電子工学","電気電子工学","電気電子工学","中級レベル（発展・応用）","講義"
"2018年度","基幹理工学部","回路理論Ａ　【前年度成績S評価者用】","田中　良明","春学期&nbsp;&nbsp;無その他","専門必修","２年以上","2","&nbsp;","西早稲田（旧大久保）","2603012003","S1","日本語","ELCX20ZL","電気電子工学","電気電子工学","電気電子工学","中級レベル（発展・応用）","講義"
"2018年度","基幹理工学部","論理回路","小川　哲司／山名　早人","春学期&nbsp;&nbsp;火１時限","専門必修","２年以上","2","６３-２０１教室","西早稲田（旧大久保）","2603012004","01","日本語","INFB21ZL","情報学","アーキテクチャと計算機構成","一般","中級レベル（発展・応用）","講義"
"2018年度","基幹理工学部","論理回路　　【前年度成績S評価者用】","小川　哲司／山名　早人","春学期&nbsp;&nbsp;無その他","専門必修","２年以上","2","&nbsp;","西早稲田（旧大久保）","2603012004","S1","日本語","INFB21ZL","情報学","アーキテクチャと計算機構成","一般","中級レベル（発展・応用）","講義"
"2018年度","基幹理工学部","コンピュータアーキテクチャＡ","笠原　博徳／木村　啓二／和田　康孝","秋学期&nbsp;&nbsp;月３時限","専門必修","２年以上","2","６３-２０１教室","西早稲田（旧大久保）","2603012005","01","日本語","INFB21ZL","情報学","アーキテクチャと計算機構成","一般","中級レベル（発展・応用）","講義"
"2018年度","基幹理工学部","コンピュータアーキテクチャＡ　【前年度成績S評価者用】","笠原　博徳／木村　啓二／和田　康孝","秋学期&nbsp;&nbsp;無その他","専門必修","２年以上","2","&nbsp;","西早稲田（旧大久保）","2603012005","S1","日本語","INFB21ZL","情報学","アーキテクチャと計算機構成","一般","中級レベル（発展・応用）","講義"
"2018年度","基幹理工学部","情報通信ネットワークＡ","後藤　滋樹／森　達哉","春学期&nbsp;&nbsp;金１時限","専門必修","３年以上","2","５６-１０３教室","西早稲田（旧大久保）","2603012006","01","日本語","INFJ21ZL","情報学","ネットワークと通信","一般","中級レベル（発展・応用）","講義"
"2018年度","基幹理工学部","情報通信ネットワークＡ　【前年度成績S評価者用】","後藤　滋樹／森　達哉","春学期&nbsp;&nbsp;無その他","専門必修","３年以上","2","&nbsp;","西早稲田（旧大久保）","2603012006","S1","日本語","INFJ21ZL","情報学","ネットワークと通信","一般","中級レベル（発展・応用）","講義"
"2018年度","基幹理工学部","アルゴリズムとデータ構造　13前再","浅谷　公威","春学期&nbsp;&nbsp;木２時限","専門必修","２年以上","3","５６-１０３教室","西早稲田（旧大久保）","2603012007","01","日本語","INFA21ZL","情報学","アルゴリズムと複雑性","一般","中級レベル（発展・応用）","講義"
"2018年度","基幹理工学部","アルゴリズムとデータ構造　13前再　【前年度成績S評価者用】","浅谷　公威","春学期&nbsp;&nbsp;無その他","専門必修","２年以上","3","&nbsp;","西早稲田（旧大久保）","2603012007","S1","日本語","INFA21ZL","情報学","アルゴリズムと複雑性","一般","中級レベル（発展・応用）","講義"
"2018年度","基幹理工学部","電子回路","戸川　望","秋学期&nbsp;&nbsp;火１時限","専門必修","２年以上","2","６３-２０２教室","西早稲田（旧大久保）","2603012008","01","日本語","ELCX20ZL","電気電子工学","電気電子工学","電気電子工学","中級レベル（発展・応用）","講義"
"2018年度","基幹理工学部","電子回路　　【前年度成績S評価者用】","戸川　望","秋学期&nbsp;&nbsp;無その他","専門必修","２年以上","2","&nbsp;","西早稲田（旧大久保）","2603012008","S1","日本語","ELCX20ZL","電気電子工学","電気電子工学","電気電子工学","中級レベル（発展・応用）","講義"
"2018年度","基幹理工学部","情報理工学実験Ａ","石川　博／上田　和紀／内田　真人／小川　哲司／笠原　博徳／甲藤　二郎／亀山　渉／木村　啓二／小林　哲則／後藤　滋樹／酒井　哲也／佐藤　拓朗／嶋本　薫／清水　佳奈／菅原　俊治／高畑　文雄／田中　良明／寺内　多智弘／戸川　望／中里　秀則／中島　達夫／深澤　良彰／前原　文明／森　達哉／山名　早人／鷲崎　弘宜／渡辺　裕","秋学期&nbsp;&nbsp;木３-４","専門必修","２年以上","2","６３号館実験室","西早稲田（旧大久保）","2603012009","02","日本語","INFY21ZW","情報学","総合","一般","中級レベル（発展・応用）","実習／実験／実技"
"2018年度","基幹理工学部","情報理工学実験Ａ　【前年度成績S評価者用】","石川　博／上田　和紀／内田　真人／小川　哲司／笠原　博徳／甲藤　二郎／亀山　渉／木村　啓二／小林　哲則／後藤　滋樹／酒井　哲也／佐藤　拓朗／嶋本　薫／清水　佳奈／菅原　俊治／高畑　文雄／田中　良明／寺内　多智弘／戸川　望／中里　秀則／中島　達夫／深澤　良彰／前原　文明／森　達哉／山名　早人／鷲崎　弘宜／渡辺　裕","秋学期&nbsp;&nbsp;無その他","専門必修","２年以上","2","&nbsp;","西早稲田（旧大久保）","2603012009","S2","日本語","INFY21ZW","情報学","総合","一般","中級レベル（発展・応用）","実習／実験／実技"
"2018年度","基幹理工学部","情報数学Ｂ","石川　博／杉本　晃宏","秋学期&nbsp;&nbsp;火５時限","専門必修","２年以上","2","５２-３０２教室","西早稲田（旧大久保）","2603012010","01","日本語","INFA21ZL","情報学","アルゴリズムと複雑性","一般","中級レベル（発展・応用）","講義"
"2018年度","基幹理工学部","情報数学Ｂ　【前年度成績S評価者用】","石川　博／杉本　晃宏","秋学期&nbsp;&nbsp;無その他","専門必修","２年以上","2","&nbsp;","西早稲田（旧大久保）","2603012010","S1","日本語","INFA21ZL","情報学","アルゴリズムと複雑性","一般","中級レベル（発展・応用）","講義"
"2018年度","基幹理工学部","アルゴリズムとデータ構造Ａ","浅谷　公威","春学期&nbsp;&nbsp;木２時限","専門必修","２年以上","2","５６-１０３教室","西早稲田（旧大久保）","2603012011","01","日本語","INFA21ZL","情報学","アルゴリズムと複雑性","一般","中級レベル（発展・応用）","講義"
"2018年度","基幹理工学部","アルゴリズムとデータ構造Ａ　【前年度成績S評価者用】","浅谷　公威","春学期&nbsp;&nbsp;無その他","専門必修","２年以上","2","&nbsp;","西早稲田（旧大久保）","2603012011","S1","日本語","INFA21ZL","情報学","アルゴリズムと複雑性","一般","中級レベル（発展・応用）","講義"
"2018年度","基幹理工学部","アルゴリズムとデータ構造Ｂ","シモセラ　エドガー","秋学期&nbsp;&nbsp;金４時限","専門必修","２年以上","2","６３-２０２教室","西早稲田（旧大久保）","2603012012","01","日本語","INFA21ZL","情報学","アルゴリズムと複雑性","一般","中級レベル（発展・応用）","講義"
"2018年度","基幹理工学部","アルゴリズムとデータ構造Ｂ　【前年度成績S評価者用】","シモセラ　エドガー","秋学期&nbsp;&nbsp;無その他","専門必修","２年以上","2","&nbsp;","西早稲田（旧大久保）","2603012012","S1","日本語","INFA21ZL","情報学","アルゴリズムと複雑性","一般","中級レベル（発展・応用）","講義"
"2018年度","基幹理工学部","情報理工学実験Ｂ","石川　博／上田　和紀／内田　真人／小川　哲司／笠原　博徳／甲藤　二郎／亀山　渉／木村　啓二／小林　哲則／後藤　滋樹／酒井　哲也／佐藤　拓朗／嶋本　薫／清水　佳奈／菅原　俊治／高畑　文雄／田中　良明／戸川　望／中里　秀則／中島　達夫／深澤　良彰／前原　文明／森　達哉／山名　早人／鷲崎　弘宜／渡辺　裕","春学期&nbsp;&nbsp;金３-４","専門必修","３年以上","2","６３号館３階端末室Ａルーム","西早稲田（旧大久保）","2603013001","01","日本語","INFY31ZW","情報学","総合","一般","上級レベル","実習／実験／実技"
"2018年度","基幹理工学部","情報理工学実験Ｂ 【前年度成績S評価者用】","石川　博／上田　和紀／内田　真人／小川　哲司／笠原　博徳／甲藤　二郎／亀山　渉／木村　啓二／小林　哲則／後藤　滋樹／酒井　哲也／佐藤　拓朗／嶋本　薫／清水　佳奈／菅原　俊治／高畑　文雄／田中　良明／戸川　望／中里　秀則／中島　達夫／深澤　良彰／前原　文明／森　達哉／山名　早人／鷲崎　弘宜／渡辺　裕","春学期&nbsp;&nbsp;無その他","専門必修","３年以上","2","&nbsp;","西早稲田（旧大久保）","2603013001","S1","日本語","INFY31ZW","情報学","総合","一般","上級レベル","実習／実験／実技"
"2018年度","基幹理工学部","ソフトウェア工学Ａ","深澤　良彰／鷲崎　弘宜","春学期&nbsp;&nbsp;金２時限","専門必修","３年以上","2","６３-２０２教室","西早稲田（旧大久保）","2603013002","01","日本語","INFP31ZL","情報学","ソフトウェア工学","一般","上級レベル","講義"
"2018年度","基幹理工学部","ソフトウェア工学Ａ 【前年度成績S評価者用】","深澤　良彰／鷲崎　弘宜","春学期&nbsp;&nbsp;無その他","専門必修","３年以上","2","&nbsp;","西早稲田（旧大久保）","2603013002","S1","日本語","INFP31ZL","情報学","ソフトウェア工学","一般","上級レベル","講義"
"2018年度","基幹理工学部","オペレーティングシステムＡ","内田　真人／中島　達夫","春学期&nbsp;&nbsp;水５時限","専門必修","３年以上","2","６３-２０１教室","西早稲田（旧大久保）","2603013003","01","日本語","INFK31ZL","情報学","オペレーティングシステム","一般","上級レベル","講義"
"2018年度","基幹理工学部","オペレーティングシステムＡ 【前年度成績S評価者用】","内田　真人／中島　達夫","春学期&nbsp;&nbsp;無その他","専門必修","３年以上","2","&nbsp;","西早稲田（旧大久保）","2603013003","S1","日本語","INFK31ZL","情報学","オペレーティングシステム","一般","上級レベル","講義"
"2018年度","基幹理工学部","プログラミングＢ","上田　和紀","春学期&nbsp;&nbsp;火３時限","専門必修","３年以上","2","５６-１０３教室","西早稲田（旧大久保）","2603013004","01","日本語","INFN31ZL","情報学","プログラミング言語","一般","上級レベル","講義"
"2018年度","基幹理工学部","プログラミングＢ 【前年度成績S評価者用】","上田　和紀","春学期&nbsp;&nbsp;無その他","専門必修","３年以上","2","&nbsp;","西早稲田（旧大久保）","2603013004","S1","日本語","INFN31ZL","情報学","プログラミング言語","一般","上級レベル","講義"
"2018年度","基幹理工学部","プログラミングＣ","酒井　哲也／鷲崎　弘宜","秋学期&nbsp;&nbsp;火３時限","専門必修","３年以上","2","５２-３０１教室","西早稲田（旧大久保）","2603013005","01","日本語","INFN31ZL","情報学","プログラミング言語","一般","上級レベル","講義"
"2018年度","基幹理工学部","プログラミングＣ 【前年度成績S評価者用】","酒井　哲也／鷲崎　弘宜","秋学期&nbsp;&nbsp;無その他","専門必修","３年以上","2","&nbsp;","西早稲田（旧大久保）","2603013005","S1","日本語","INFN31ZL","情報学","プログラミング言語","一般","上級レベル","講義"
"2018年度","基幹理工学部","コンピュータアーキテクチャＢ","笠原　博徳／木村　啓二／小高　剛","秋学期&nbsp;&nbsp;水３時限","専門必修","３年以上","2","５２-３０４教室","西早稲田（旧大久保）","2603013006","01","日本語","INFB31ZL","情報学","アーキテクチャと計算機構成","一般","上級レベル","講義"
"2018年度","基幹理工学部","コンピュータアーキテクチャＢ 【前年度成績S評価者用】","笠原　博徳／木村　啓二／小高　剛","秋学期&nbsp;&nbsp;無その他","専門必修","３年以上","2","&nbsp;","西早稲田（旧大久保）","2603013006","S1","日本語","INFB31ZL","情報学","アーキテクチャと計算機構成","一般","上級レベル","講義"
"2018年度","基幹理工学部","プログラミング言語","上田　和紀／寺内　多智弘","秋学期&nbsp;&nbsp;火２時限","専門必修","３年以上","2","５２-３０２教室","西早稲田（旧大久保）","2603013007","01","日本語","INFN31ZL","情報学","プログラミング言語","一般","上級レベル","講義"
"2018年度","基幹理工学部","プログラミング言語 【前年度成績S評価者用】","上田　和紀／寺内　多智弘","秋学期&nbsp;&nbsp;無その他","専門必修","３年以上","2","&nbsp;","西早稲田（旧大久保）","2603013007","S1","日本語","INFN31ZL","情報学","プログラミング言語","一般","上級レベル","講義"
"2018年度","基幹理工学部","卒業論文Ａ","石川　博／上田　和紀／内田　真人／小川　哲司／笠原　博徳／甲藤　二郎／亀山　渉／木村　啓二／小林　哲則／後藤　滋樹／酒井　哲也／佐藤　拓朗／嶋本　薫／清水　佳奈／菅原　俊治／高畑　文雄／田中　良明／寺内　多智弘／戸川　望／中里　秀則／中島　達夫／深澤　良彰／前原　文明／森　達哉／山名　早人／鷲崎　弘宜／渡辺　裕","通年&nbsp;&nbsp;無その他","専門必修","４年以上","4","&nbsp;","西早稲田（旧大久保）","2603014001","01","日本語","INFY41ZT","情報学","総合","一般","総仕上げ","論文"
"2018年度","基幹理工学部","卒業論文Ａ　　【前年度成績S評価者用】","石川　博／上田　和紀／内田　真人／小川　哲司／笠原　博徳／甲藤　二郎／亀山　渉／木村　啓二／小林　哲則／後藤　滋樹／酒井　哲也／佐藤　拓朗／嶋本　薫／清水　佳奈／菅原　俊治／高畑　文雄／田中　良明／寺内　多智弘／戸川　望／中里　秀則／中島　達夫／深澤　良彰／前原　文明／森　達哉／山名　早人／鷲崎　弘宜／渡辺　裕","通年&nbsp;&nbsp;無その他","専門必修","４年以上","4","&nbsp;","西早稲田（旧大久保）","2603014001","S1","日本語","INFY41ZT","情報学","総合","一般","総仕上げ","論文"
"2018年度","基幹理工学部","卒業論文Ｂ","石川　博／上田　和紀／内田　真人／小川　哲司／笠原　博徳／甲藤　二郎／亀山　渉／木村　啓二／小林　哲則／後藤　滋樹／酒井　哲也／佐藤　拓朗／嶋本　薫／清水　佳奈／菅原　俊治／高畑　文雄／田中　良明／寺内　多智弘／戸川　望／中里　秀則／中島　達夫／深澤　良彰／前原　文明／森　達哉／山名　早人／鷲崎　弘宜／渡辺　裕","通年&nbsp;&nbsp;無その他","専門必修","４年以上","4","&nbsp;","西早稲田（旧大久保）","2603014002","01","日本語","INFY41ZT","情報学","総合","一般","総仕上げ","論文"
"2018年度","基幹理工学部","卒業論文Ｂ　　【前年度成績S評価者用】","石川　博／上田　和紀／内田　真人／小川　哲司／笠原　博徳／甲藤　二郎／亀山　渉／木村　啓二／小林　哲則／後藤　滋樹／酒井　哲也／佐藤　拓朗／嶋本　薫／清水　佳奈／菅原　俊治／高畑　文雄／田中　良明／寺内　多智弘／戸川　望／中里　秀則／中島　達夫／深澤　良彰／前原　文明／森　達哉／山名　早人／鷲崎　弘宜／渡辺　裕","通年&nbsp;&nbsp;無その他","専門必修","４年以上","4","&nbsp;","西早稲田（旧大久保）","2603014002","S1","日本語","INFY41ZT","情報学","総合","一般","総仕上げ","論文"
"2018年度","基幹理工学部","信号処理　13前再","高畑　文雄","春学期&nbsp;&nbsp;金３時限","専門選択必修","３年以上","3","６３-２０１教室","西早稲田（旧大久保）","2603023001","01","日本語","ELCX31ZL","電気電子工学","電気電子工学","通信・ネットワーク工学","上級レベル","講義"
"2018年度","基幹理工学部","信号処理　　【前年度成績S評価者用】　13前再","高畑　文雄","春学期&nbsp;&nbsp;無その他","専門選択必修","３年以上","3","&nbsp;","西早稲田（旧大久保）","2603023001","S1","日本語","ELCX31ZL","電気電子工学","電気電子工学","通信・ネットワーク工学","上級レベル","講義"
"2018年度","基幹理工学部","ネットワーク制御と管理　13前再","中里　秀則","秋学期&nbsp;&nbsp;月４時限","専門選択必修","３年以上","3","５６-１０３教室","西早稲田（旧大久保）","2603023002","01","日本語","INFJ31ZL","情報学","ネットワークと通信","一般","上級レベル","講義"
"2018年度","基幹理工学部","ネットワーク制御と管理　13前再　【前年度成績S評価者用】","中里　秀則","秋学期&nbsp;&nbsp;無その他","専門選択必修","３年以上","3","&nbsp;","西早稲田（旧大久保）","2603023002","S1","日本語","INFJ31ZL","情報学","ネットワークと通信","一般","上級レベル","講義"
"2018年度","基幹理工学部","オペレーティングシステム　13前再","内田　真人／中島　達夫","春学期&nbsp;&nbsp;水５時限","専門選択必修","３年以上","3","６３-２０１教室","西早稲田（旧大久保）","2603023004","01","日本語","INFK31ZL","情報学","オペレーティングシステム","一般","上級レベル","講義"
"2018年度","基幹理工学部","オペレーティングシステム　13前再　　【前年度成績S評価者用】","内田　真人／中島　達夫","春学期&nbsp;&nbsp;無その他","専門選択必修","３年以上","3","&nbsp;","西早稲田（旧大久保）","2603023004","S1","日本語","INFK31ZL","情報学","オペレーティングシステム","一般","上級レベル","講義"
"2018年度","基幹理工学部","コンピュータアーキテクチャ　13前再","笠原　博徳／木村　啓二／小高　剛","秋学期&nbsp;&nbsp;水３時限","専門選択必修","３年以上","3","５２-３０４教室","西早稲田（旧大久保）","2603023005","01","日本語","INFB31ZL","情報学","アーキテクチャと計算機構成","一般","上級レベル","講義"
"2018年度","基幹理工学部","コンピュータアーキテクチャ　13前再　　【前年度成績S評価者用】","笠原　博徳／木村　啓二／小高　剛","秋学期&nbsp;&nbsp;無その他","専門選択必修","３年以上","3","&nbsp;","西早稲田（旧大久保）","2603023005","S1","日本語","INFB31ZL","情報学","アーキテクチャと計算機構成","一般","上級レベル","講義"
"2018年度","基幹理工学部","言語処理系","笠原　博徳／木村　啓二／吉田　明正","春学期&nbsp;&nbsp;金５時限","専門必修","３年以上","2","５２-３０２教室","西早稲田（旧大久保）","2603023006","01","日本語","INFN31ZL","情報学","プログラミング言語","一般","上級レベル","講義"
"2018年度","基幹理工学部","言語処理系　　【前年度成績S評価者用】","笠原　博徳／木村　啓二／吉田　明正","春学期&nbsp;&nbsp;無その他","専門必修","３年以上","2","&nbsp;","西早稲田（旧大久保）","2603023006","S1","日本語","INFN31ZL","情報学","プログラミング言語","一般","上級レベル","講義"
"2018年度","基幹理工学部","ソフトウエア工学　13前再","深澤　良彰／鷲崎　弘宜","春学期&nbsp;&nbsp;金２時限","専門選択必修","３年以上","3","６３-２０２教室","西早稲田（旧大久保）","2603023007","01","日本語","INFP31ZL","情報学","ソフトウェア工学","一般","上級レベル","講義"
"2018年度","基幹理工学部","ソフトウエア工学　13前再　　【前年度成績S評価者用】","深澤　良彰／鷲崎　弘宜","春学期&nbsp;&nbsp;無その他","専門選択必修","３年以上","3","&nbsp;","西早稲田（旧大久保）","2603023007","S1","日本語","INFP31ZL","情報学","ソフトウェア工学","一般","上級レベル","講義"
"2018年度","基幹理工学部","プログラミング言語　13前再","上田　和紀／寺内　多智弘","秋学期&nbsp;&nbsp;01:火２時限／02:木５時限","専門選択必修","３年以上","3","01:５２-３０２教室／02:５２-３０２教室","西早稲田（旧大久保）","2603023008","01","日本語","INFN31ZL","情報学","プログラミング言語","一般","上級レベル","講義"
"2018年度","基幹理工学部","プログラミング言語　13前再　　【前年度成績S評価者用】","上田　和紀／寺内　多智弘","秋学期&nbsp;&nbsp;無その他","専門選択必修","３年以上","3","&nbsp;","西早稲田（旧大久保）","2603023008","S1","日本語","INFN31ZL","情報学","プログラミング言語","一般","上級レベル","講義"
"2018年度","基幹理工学部","確率・統計概論","菅原　俊治","春学期&nbsp;&nbsp;火２時限","専門選択","２年以上","2","５２-１０２教室","西早稲田（旧大久保）","2603032002","01","日本語","INFD21ZL","情報学","離散構造","一般","中級レベル（発展・応用）","講義"
"2018年度","基幹理工学部","情報社会論","太田　啓路／園田　智也／深澤　良彰","秋学期&nbsp;&nbsp;木５時限","専門選択","３年以上","2","５２-１０１教室","西早稲田（旧大久保）","2603032003","01","日本語","INFR31ZL","情報学","社会問題と実践","一般","上級レベル","講義"
"2018年度","基幹理工学部","情報系の生命学","富永　大介／野口　保／山名　早人","秋学期&nbsp;&nbsp;水２時限","専門選択","２年以上","2","６３-２０２教室","西早稲田（旧大久保）","2603032004","01","日本語","INFV21ZL","情報学","その他","一般","中級レベル（発展・応用）","講義"
"2018年度","基幹理工学部","信号処理Ａ","高畑　文雄","春学期&nbsp;&nbsp;金３時限","専門選択","２年以上","2","６３-２０１教室","西早稲田（旧大久保）","2603032005","01","日本語","ELCX21ZL","電気電子工学","電気電子工学","通信・ネットワーク工学","中級レベル（発展・応用）","講義"
"2018年度","基幹理工学部","情報理論Ａ","前原　文明","春学期&nbsp;&nbsp;月２時限","専門選択","２年以上","2","６３-２０１教室","西早稲田（旧大久保）","2603032006","01","日本語","INFA21ZL","情報学","アルゴリズムと複雑性","一般","中級レベル（発展・応用）","講義"
"2018年度","基幹理工学部","回路理論Ｂ","佐藤　拓朗","秋学期&nbsp;&nbsp;月２時限","専門選択","２年以上","2","５２-３０４教室","西早稲田（旧大久保）","2603032007","01","日本語","ELCX20ZL","電気電子工学","電気電子工学","電気電子工学","中級レベル（発展・応用）","講義"
"2018年度","基幹理工学部","信号処理Ｂ","高畑　文雄","秋学期&nbsp;&nbsp;水４時限","専門選択","２年以上","2","５２-３０４教室","西早稲田（旧大久保）","2603032008","01","日本語","ELCX21ZL","電気電子工学","電気電子工学","通信・ネットワーク工学","中級レベル（発展・応用）","講義"
"2018年度","基幹理工学部","通信理論","嶋本　薫／前原　文明","秋学期&nbsp;&nbsp;水３時限","専門選択","２年以上","2","５２-３０２教室","西早稲田（旧大久保）","2603032009","01","日本語","ELCX21ZL","電気電子工学","電気電子工学","通信・ネットワーク工学","中級レベル（発展・応用）","講義"
"2018年度","基幹理工学部","最適化と認識・学習","小林　哲則","秋学期&nbsp;&nbsp;木２時限","専門選択","３年以上","2","５６-１０３教室","西早稲田（旧大久保）","2603033002","01","日本語","INFA31ZL","情報学","アルゴリズムと複雑性","一般","上級レベル","講義"
"2018年度","基幹理工学部","高性能計算","福井　義成","秋学期&nbsp;&nbsp;金３時限","専門選択","３年以上","2","６３号館３階端末室Ｃルーム","西早稲田（旧大久保）","2603033005","01","日本語","INFN31ZW","情報学","プログラミング言語","一般","上級レベル","実習／実験／実技"
"2018年度","基幹理工学部","トラヒック理論","内田　真人／田中　良明","春学期&nbsp;&nbsp;水１時限","専門選択","３年以上","2","５２-３０４教室","西早稲田（旧大久保）","2603033006","01","日本語","ELCX31ZL","電気電子工学","電気電子工学","通信・ネットワーク工学","上級レベル","講義"
"2018年度","基幹理工学部","プロジェクト研究Ａ","石川　博／上田　和紀／内田　真人／小川　哲司／笠原　博徳／甲藤　二郎／亀山　渉／木村　啓二／小林　哲則／後藤　滋樹／酒井　哲也／佐藤　拓朗／嶋本　薫／清水　佳奈／菅原　俊治／高畑　文雄／田中　良明／寺内　多智弘／戸川　望／中里　秀則／中島　達夫／深澤　良彰／前原　文明／森　達哉／山名　早人／鷲崎　弘宜／渡辺　裕","春学期&nbsp;&nbsp;無その他","専門選択","３年以上","2","&nbsp;","西早稲田（旧大久保）","2603033007","01","日本語","INFC31ZG","情報学","計算科学","一般","上級レベル","研究指導"
"2018年度","基幹理工学部","マルチメディア工学Ｂ","甲藤　二郎／渡辺　裕","秋学期&nbsp;&nbsp;金３時限","専門選択","３年以上","2","５６-１０１教室","西早稲田（旧大久保）","2603033010","01","日本語","INFH31ZL","情報学","情報管理","一般","上級レベル","講義"
"2018年度","基幹理工学部","情報理工学実験Ｃ","石川　博／上田　和紀／内田　真人／笠原　博徳／木村　啓二／後藤　滋樹／酒井　哲也／清水　佳奈／菅原　俊治／寺内　多智弘／中島　達夫／深澤　良彰／森　達哉／山名　早人／鷲崎　弘宜","秋学期&nbsp;&nbsp;金１-２","専門必修","３年以上","2","&nbsp;","西早稲田（旧大久保）","2603033012","01","日本語","INFY31ZW","情報学","総合","一般","上級レベル","実習／実験／実技"
"2018年度","基幹理工学部","プロジェクト研究Ｂ","石川　博／上田　和紀／内田　真人／小川　哲司／笠原　博徳／甲藤　二郎／亀山　渉／木村　啓二／小林　哲則／後藤　滋樹／酒井　哲也／佐藤　拓朗／嶋本　薫／清水　佳奈／シモセラ　エドガー／菅原　俊治／高畑　文雄／田中　良明／寺内　多智弘／戸川　望／中里　秀則／中島　達夫／深澤　良彰／前原　文明／森　達哉／山名　早人／鷲崎　弘宜／渡辺　裕","秋学期&nbsp;&nbsp;無その他","専門選択","３年以上","2","&nbsp;","西早稲田（旧大久保）","2603033013","01","日本語","INFC31ZG","情報学","計算科学","一般","上級レベル","研究指導"
"2018年度","基幹理工学部","ＩＴ経営プロジェクト基礎","山戸　昭三／鷲崎　弘宜","集中（春・秋学期）&nbsp;&nbsp;無その他","専門選択","３年以上","2","５３-１０１教室","西早稲田（旧大久保）","2603033015","01","日本語","INFR31ZL","情報学","社会問題と実践","一般","上級レベル","講義"
"2018年度","基幹理工学部","システム開発プロジェクト基礎","大久保　雅司／鷲崎　弘宜","集中（春・秋学期）&nbsp;&nbsp;無その他","専門選択","３年以上","2","５４-１０１教室","西早稲田（旧大久保）","2603033016","01","日本語","INFL31ZL","情報学","プラットフォームベース開発","一般","上級レベル","講義"
"2018年度","基幹理工学部","サイバー攻撃対策技術の基礎","秋山　満昭／内田　真人／後藤　滋樹／森　達哉／八木　毅","秋学期&nbsp;&nbsp;金４時限","専門選択","３年以上","2","５２-１０２教室","西早稲田（旧大久保）","2603033018","01","日本語","INFG31ZL","情報学","情報保全とセキュリティ","一般","上級レベル","講義"
"2018年度","基幹理工学部","ソフトウェア工学Ｂ","萩本　順三／平鍋　健児／深澤　良彰／鷲崎　弘宜","秋学期&nbsp;&nbsp;水５時限","専門選択","３年以上","2","５２-３０４教室","西早稲田（旧大久保）","2603033019","01","日本語","INFP31ZL","情報学","ソフトウェア工学","一般","上級レベル","講義"
"2018年度","基幹理工学部","オペレーティングシステムＢ","内田　真人／中島　達夫","秋学期&nbsp;&nbsp;月５時限","専門選択","３年以上","2","５３-１０３教室","西早稲田（旧大久保）","2603033020","01","日本語","INFK31ZL","情報学","オペレーティングシステム","一般","上級レベル","講義"
"2018年度","基幹理工学部","離散数学","柳澤　政生","春学期&nbsp;&nbsp;火２時限","専門選択","３年以上","2","５６-１０２教室","西早稲田（旧大久保）","2603033021","01","日本語","INFA31ZL","情報学","アルゴリズムと複雑性","一般","上級レベル","講義"
"2018年度","基幹理工学部","ディジタル信号処理","甲藤　二郎／佐藤　拓朗","春学期&nbsp;&nbsp;火５時限","専門選択","３年以上","2","５２-３０２教室","西早稲田（旧大久保）","2603033022","01","日本語","ELCX31ZL","電気電子工学","電気電子工学","通信・ネットワーク工学","上級レベル","講義"
"2018年度","基幹理工学部","光通信技術","松島　裕一","春学期&nbsp;&nbsp;木４時限","専門選択","３年以上","2","５２-３０２教室","西早稲田（旧大久保）","2603033023","01","日本語","ELCX31ZL","電気電子工学","電気電子工学","通信・ネットワーク工学","上級レベル","講義"
"2018年度","基幹理工学部","情報通信ネットワークＢ","中里　秀則","秋学期&nbsp;&nbsp;月４時限","専門選択","３年以上","2","５６-１０３教室","西早稲田（旧大久保）","2603033024","01","日本語","ELCX31ZW","電気電子工学","電気電子工学","通信・ネットワーク工学","上級レベル","実習／実験／実技"
"2018年度","基幹理工学部","マルチメディア工学Ａ","亀山　渉","秋学期&nbsp;&nbsp;火５時限","専門選択","３年以上","2","６３-２０２教室","西早稲田（旧大久保）","2603033025","01","日本語","ELCX31ZL","電気電子工学","電気電子工学","通信・ネットワーク工学","上級レベル","講義"
"2018年度","基幹理工学部","次世代ネットワーク","井上　武／原井　洋明","秋学期&nbsp;&nbsp;金５時限","専門選択","３年以上","2","５２-１０３教室","西早稲田（旧大久保）","2603033026","01","日本語","INFJ31ZL","情報学","ネットワークと通信","一般","上級レベル","講義"
"2018年度","基幹理工学部","衛星通信技術","小松　大実／細川　瑞彦","秋学期&nbsp;&nbsp;水５時限","専門選択","３年以上","2","５２-３０３教室","西早稲田（旧大久保）","2603033027","01","日本語","ELCX31ZL","電気電子工学","電気電子工学","通信・ネットワーク工学","上級レベル","講義"
"2018年度","基幹理工学部","移動通信技術","大関　武雄／岸山　祥久／前原　文明","秋学期&nbsp;&nbsp;金４時限","専門選択","３年以上","2","５３-１０３教室","西早稲田（旧大久保）","2603033028","01","日本語","ELCX31ZL","電気電子工学","電気電子工学","通信・ネットワーク工学","上級レベル","講義"
"2018年度","基幹理工学部","コミュニケーション品質理論","矢守　恭子","秋学期&nbsp;&nbsp;火３時限","専門選択","３年以上","2","５２-３０３教室","西早稲田（旧大久保）","2603033029","01","日本語","ELCX31ZL","電気電子工学","電気電子工学","通信・ネットワーク工学","上級レベル","講義"
"2018年度","基幹理工学部","集積回路システム設計","三橋　隆","春学期&nbsp;&nbsp;木２時限","専門選択","４年以上","2","５３-４０４教室","西早稲田（旧大久保）","2603033030","01","日本語","ELCX42ZL","電気電子工学","電気電子工学","電子デバイス・電子機器","総仕上げ","講義"
"2018年度","基幹理工学部","情報理論Ｂ","小林　哲則／俵　直弘","春学期&nbsp;&nbsp;木２時限","専門選択","３年以上","2","５４-２０４教室","西早稲田（旧大久保）","2603033031","01","日本語","ELCX31ZL","電気電子工学","電気電子工学","通信・ネットワーク工学","上級レベル","講義"
"2018年度","基幹理工学部","無線通信技術","嶋本　薫","春学期&nbsp;&nbsp;火４時限","専門選択","３年以上","2","５２-３０２教室","西早稲田（旧大久保）","2603033032","01","日本語","ELCX31ZL","電気電子工学","電気電子工学","通信・ネットワーク工学","上級レベル","講義"
"2018年度","基幹理工学部","データベース","酒井　哲也","秋学期&nbsp;&nbsp;月２時限","専門必修","３年以上","2","５６-１０３教室","西早稲田（旧大久保）","2603034001","01","英語","INFH41ZL","情報学","情報管理","一般","総仕上げ","講義"
"2018年度","基幹理工学部","データベース 【前年度成績S評価者用】","酒井　哲也","秋学期&nbsp;&nbsp;無その他","専門必修","３年以上","2","&nbsp;","西早稲田（旧大久保）","2603034001","S1","日本語","ZZZZZZZZ","指定なし","指定なし","指定なし","指定なし","指定なし"
"2018年度","基幹理工学部","分散組込み・リアルタイム処理","中島　達夫","秋学期&nbsp;&nbsp;金２時限","専門選択","４年以上","2","５３-Ｂ０３教室","西早稲田（旧大久保）","2603034002","01","英語","INFK41ZL","情報学","オペレーティングシステム","一般","総仕上げ","講義"
"2018年度","基幹理工学部","自然言語処理","林　良彦","春学期&nbsp;&nbsp;金１時限","専門選択","４年以上","2","５３-１０４教室","西早稲田（旧大久保）","2603034005","01","日本語","INFI41ZL","情報学","知的システム","一般","総仕上げ","講義"
"2018年度","基幹理工学部","データマイニング","山名　早人","春学期&nbsp;&nbsp;木１時限","専門選択","４年以上","2","５２-３０３教室","西早稲田（旧大久保）","2603034006","01","英語","INFH41ZL","情報学","情報管理","一般","総仕上げ","講義"
"2018年度","基幹理工学部","コンテンツ流通技術　","亀山　渉","秋学期&nbsp;&nbsp;月２時限","専門選択","４年以上","2","５３-１０３教室","西早稲田（旧大久保）","2603034007","01","日本語","INFQ41ZL","情報学","情報システムの基礎","一般","総仕上げ","講義"
"2018年度","基幹理工学部","情報セキュリティ基礎","後藤　滋樹／パン　ジェニー","春学期&nbsp;&nbsp;水２時限","専門選択","４年以上","2","５３-１０１教室","西早稲田（旧大久保）","2603034009","01","英語","INFG41ZL","情報学","情報保全とセキュリティ","一般","総仕上げ","講義"
"2018年度","基幹理工学部","コンピュータグラフィクス","牧野　光則","春学期&nbsp;&nbsp;月２時限","専門選択","４年以上","2","５３-３０１教室","西早稲田（旧大久保）","2603034010","01","日本語","INFE41ZL","情報学","グラフィクスと可視化","一般","総仕上げ","講義"
"2018年度","基幹理工学部","情報通信と国際標準化","佐藤　拓朗／丹　康雄／前田　洋一","秋学期&nbsp;&nbsp;水５時限","専門選択","４年以上","2","６０-１０２教室","西早稲田（旧大久保）","2603034012","01","日本語","INFR41ZL","情報学","社会問題と実践","一般","総仕上げ","講義"
"2018年度","基幹理工学部","企業ビジネスと国際標準化","岩垂　邦秀／佐藤　拓朗／千葉　祐介","春学期&nbsp;&nbsp;水５時限","専門選択","４年以上","2","６０-１０２教室","西早稲田（旧大久保）","2603034013","01","日本語","INFR41ZL","情報学","社会問題と実践","一般","総仕上げ","講義"
"2018年度","基幹理工学部","画像情報特論","甲藤　二郎","春学期&nbsp;&nbsp;金２時限","専門選択","４年以上","2","５４-２０４教室","西早稲田（旧大久保）","2603034015","01","英語","INFE41ZL","情報学","グラフィクスと可視化","一般","総仕上げ","講義"
"2018年度","基幹理工学部","高信頼ソフトウェア","上田　和紀","春学期&nbsp;&nbsp;水２時限","専門選択","４年以上","2","５４-１０３教室","西早稲田（旧大久保）","2603034016","01","英語","INFP41ZL","情報学","ソフトウェア工学","一般","総仕上げ","講義"
"2018年度","基幹理工学部","情報検索","山名　早人","秋学期&nbsp;&nbsp;木１時限","専門選択","４年以上","2","５２-３０３教室","西早稲田（旧大久保）","2603034019","01","英語","INFI41ZL","情報学","知的システム","一般","総仕上げ","講義"
"2018年度","基幹理工学部","先端プロセッサ技術","木村　啓二","春学期&nbsp;&nbsp;金３時限","専門選択","４年以上","2","５４-４０３教室","西早稲田（旧大久保）","2603034020","01","英語","INFB41ZL","情報学","アーキテクチャと計算機構成","一般","総仕上げ","講義"
"2018年度","基幹理工学部","ディジタルシステム設計","戸川　望","冬クォーター&nbsp;&nbsp;月４-５","専門選択","４年以上","2","６０-２０２教室","西早稲田（旧大久保）","2603034021","01","英語","INFB41ZL","情報学","アーキテクチャと計算機構成","一般","総仕上げ","講義"
"2018年度","基幹理工学部","無線信号処理","前原　文明","春学期&nbsp;&nbsp;月３時限","専門選択","４年以上","2","６１-３１０教室","西早稲田（旧大久保）","2603034022","01","英語","ELCX41ZL","電気電子工学","電気電子工学","通信・ネットワーク工学","総仕上げ","講義"
"2018年度","基幹理工学部","コンピュータービジョン","石川　博／杉本　晃宏","春学期&nbsp;&nbsp;水４時限","専門選択","４年以上","2","６１-２１４教室","西早稲田（旧大久保）","2603034025","01","英語","INFE41ZL","情報学","グラフィクスと可視化","一般","総仕上げ","講義"
"2018年度","基幹理工学部","計算機支援設計","柳澤　政生","秋クォーター&nbsp;&nbsp;月４-５","専門選択","４年以上","2","６１-２１４教室","西早稲田（旧大久保）","2603034026","01","日本語","INFB41ZL","情報学","アーキテクチャと計算機構成","一般","総仕上げ","講義"
"2018年度","基幹理工学部","情報アクセス評価基盤","酒井　哲也","春学期&nbsp;&nbsp;火３時限","専門選択","４年以上","2","５３-４０１教室","西早稲田（旧大久保）","2603034029","01","英語","INFI41ZL","情報学","知的システム","一般","総仕上げ","講義"
"2018年度","基幹理工学部","クラウドシステム","中里　秀則","秋学期&nbsp;&nbsp;月５時限","専門選択","４年以上","2","５２-１０２教室","西早稲田（旧大久保）","2603034030","01","英語","INFB41ZL","情報学","アーキテクチャと計算機構成","一般","総仕上げ","講義"
"2018年度","基幹理工学部","ワイヤレスアクセス特論","嶋本　薫","秋学期&nbsp;&nbsp;月３時限","専門選択","４年以上","2","６０-２０２教室","西早稲田（旧大久保）","2603034031","01","英語","ELCX41ZL","電気電子工学","電気電子工学","通信・ネットワーク工学","総仕上げ","講義"
"2018年度","基幹理工学部","生命情報解析技術","清水　佳奈","秋学期&nbsp;&nbsp;火２時限","専門選択","４年以上","2","５３-３０３教室","西早稲田（旧大久保）","2603034032","01","日本語","INFV61ZL","情報学","その他","一般","修士レベル","講義"
"2018年度","基幹理工学部","ディジタル放送技術","藤崎　好英／森本　聡","秋学期&nbsp;&nbsp;月５時限","専門選択","３年以上","2","５６-１０３教室","西早稲田（旧大久保）","2603034033","01","日本語","INFJ31ZL","情報学","ネットワークと通信","一般","上級レベル","講義"
"2018年度","基幹理工学部","ネットワークサービスとビジネスモデル","大津　徹／亀山　渉／三本松　憲生／中村　寛","春学期&nbsp;&nbsp;金５時限","専門選択","４年以上","2","５３-Ｂ０４教室","西早稲田（旧大久保）","2603034035","01","日本語","INFR41ZL","情報学","社会問題と実践","一般","総仕上げ","講義"
"2018年度","基幹理工学部","ディジタルコンテンツと知的財産権","井出　明","集中講義（秋学期）&nbsp;&nbsp;無その他","専門選択","４年以上","2","５１-８０１ゼミ室（共通ゼミ室）","西早稲田（旧大久保）","2603034036","01","日本語","INFR41ZL","情報学","社会問題と実践","一般","総仕上げ","講義"
"2018年度","基幹理工学部","ソーシャルネットワークサイエンス","橋本　隆子","秋学期&nbsp;&nbsp;水１時限","専門選択","４年以上","2","５３-４０４教室","西早稲田（旧大久保）","2603034037","01","日本語","INFR41ZL","情報学","社会問題と実践","一般","総仕上げ","講義"
"2018年度","基幹理工学部","情報通信関連法規","武井　俊幸","秋学期&nbsp;&nbsp;金２時限","専門選択","４年以上","2","５３-１０１教室","西早稲田（旧大久保）","2603034038","01","日本語","&nbsp;","&nbsp;","&nbsp;","&nbsp;","&nbsp;","&nbsp;"
"2018年度","基幹理工学部","IoTシステム設計","笠原　博徳／木村　啓二／戸川　望／柳澤　政生／山名　早人","春学期&nbsp;&nbsp;木５-６","専門選択","３年以上","3","５２-３０１教室","西早稲田（旧大久保）","2603034039","01","日本語","INFB31ZW","情報学","アーキテクチャと計算機構成","一般","上級レベル","実習／実験／実技"
"2018年度","基幹理工学部","人工知能A","菅原　俊治","春学期&nbsp;&nbsp;火４時限","専門選択","３年以上","2","５２-２０４教室","西早稲田（旧大久保）","2603034040","01","日本語","INFI31ZL","情報学","知的システム","一般","上級レベル","講義"
"2018年度","基幹理工学部","人工知能B","上田　和紀","秋学期&nbsp;&nbsp;水２時限","専門選択","３年以上","2","５４-１０３教室","西早稲田（旧大久保）","2603034041","01","日本語","INFI31ZL","情報学","知的システム","一般","上級レベル","講義"
"2018年度","基幹理工学部","Research Project BIPSE Course","石川　博／上田　和紀／内田　真人／小川　哲司／笠原　博徳／甲藤　二郎／亀山　渉／木村　啓二／小林　哲則／後藤　滋樹／酒井　哲也／佐藤　拓朗／嶋本　薫／清水　佳奈／菅原　俊治／高畑　文雄／田中　良明／寺内　多智弘／戸川　望／中里　秀則／中島　達夫／パン　ジェニー／深澤　良彰／本位田　真一／前原　文明／森　達哉／山名　早人／劉　江／鷲崎　弘宜／渡辺　裕","春学期&nbsp;&nbsp;無その他","専門必修","３年以上","4","&nbsp;","西早稲田（旧大久保）","26GC013001","01","英語","INFC31ZG","情報学","計算科学","一般","上級レベル","研究指導"
"2018年度","基幹理工学部","Research Project B 【S Grade】IPSE Course","石川　博／上田　和紀／内田　真人／小川　哲司／笠原　博徳／甲藤　二郎／亀山　渉／木村　啓二／小林　哲則／後藤　滋樹／酒井　哲也／佐藤　拓朗／嶋本　薫／清水　佳奈／菅原　俊治／高畑　文雄／田中　良明／寺内　多智弘／戸川　望／中里　秀則／中島　達夫／パン　ジェニー／深澤　良彰／本位田　真一／前原　文明／森　達哉／山名　早人／劉　江／鷲崎　弘宜／渡辺　裕","春学期&nbsp;&nbsp;無その他","専門必修","３年以上","4","&nbsp;","西早稲田（旧大久保）","26GC013001","S1","英語","INFC31ZG","情報学","計算科学","一般","上級レベル","研究指導"
"2018年度","基幹理工学部","Research Project CIPSE Course","石川　博／上田　和紀／内田　真人／小川　哲司／笠原　博徳／甲藤　二郎／亀山　渉／木村　啓二／小林　哲則／後藤　滋樹／酒井　哲也／佐藤　拓朗／嶋本　薫／清水　佳奈／シモセラ　エドガー／菅原　俊治／高畑　文雄／田中　良明／寺内　多智弘／戸川　望／中里　秀則／中島　達夫／パン　ジェニー／深澤　良彰／本位田　真一／前原　文明／森　達哉／山名　早人／劉　江／鷲崎　弘宜／渡辺　裕","秋学期&nbsp;&nbsp;無その他","専門必修","４年以上","4","&nbsp;","西早稲田（旧大久保）","26GC014001","01","英語","INFC41ZG","情報学","計算科学","一般","総仕上げ","研究指導"
"2018年度","基幹理工学部","Research Project C 【S Grade】IPSE Course","石川　博／上田　和紀／内田　真人／小川　哲司／笠原　博徳／甲藤　二郎／亀山　渉／木村　啓二／小林　哲則／後藤　滋樹／酒井　哲也／佐藤　拓朗／嶋本　薫／清水　佳奈／シモセラ　エドガー／菅原　俊治／高畑　文雄／田中　良明／寺内　多智弘／戸川　望／中里　秀則／中島　達夫／パン　ジェニー／深澤　良彰／本位田　真一／前原　文明／森　達哉／山名　早人／劉　江／鷲崎　弘宜／渡辺　裕","秋学期&nbsp;&nbsp;無その他","専門必修","４年以上","4","&nbsp;","西早稲田（旧大久保）","26GC014001","S1","英語","INFC41ZG","情報学","計算科学","一般","総仕上げ","研究指導"
"2018年度","基幹理工学部","Electronic CircuitsIPSE Course","史　又華／戸川　望","秋学期&nbsp;&nbsp;月５時限","専門選択","３年以上","2","５８-３１９ゼミ室（共通ゼミ室）","西早稲田（旧大久保）","26GC023001","01","英語","ELCX30ZL","電気電子工学","電気電子工学","電気電子工学","上級レベル","講義"
"2018年度","基幹理工学部","Software EngineeringIPSE Course","石川　冬樹／小林　努／深澤　良彰／鷲崎　弘宜","秋学期&nbsp;&nbsp;月３時限","専門選択","３年以上","2","５３-１０４教室","西早稲田（旧大久保）","26GC023003","01","英語","INFP31ZL","情報学","ソフトウェア工学","一般","上級レベル","講義"
"2018年度","基幹理工学部","Teletraffic TheoryIPSE Course","田中　良明","秋学期&nbsp;&nbsp;火３時限","専門選択","３年以上","2","５１-０６-０４(共通ゼミ室)","西早稲田（旧大久保）","26GC023004","01","英語","ELCX31ZL","電気電子工学","電気電子工学","通信・ネットワーク工学","上級レベル","講義"
"2018年度","基幹理工学部","Information TheoryIPSE Course","小林　哲則／デルクロア　マーク　オリビエ　シール　ジャン　バンサン　ニコラ","集中講義（春学期）&nbsp;&nbsp;無その他","専門選択","３年以上","2","５３-３０３教室","西早稲田（旧大久保）","26GC023005","01","英語","INFA31ZL","情報学","アルゴリズムと複雑性","一般","上級レベル","講義"
"2018年度","基幹理工学部","Transmission TheoryIPSE Course","佐藤　拓朗","春学期&nbsp;&nbsp;月４時限","専門選択","３年以上","2","６０-２０２教室","西早稲田（旧大久保）","26GC023006","01","英語","ELCX31ZL","電気電子工学","電気電子工学","通信・ネットワーク工学","上級レベル","講義"
"2018年度","基幹理工学部","Wireless CommunicationsIPSE Course","嶋本　薫／パン　ジェニー","春学期&nbsp;&nbsp;月３時限","専門選択","３年以上","2","６０-０３-０６(共通ゼミ室)","西早稲田（旧大久保）","26GC023007","01","英語","ELCX21ZL","電気電子工学","電気電子工学","通信・ネットワーク工学","中級レベル（発展・応用）","講義"
"2018年度","基幹理工学部","Multimedia SystemsIPSE Course","亀山　渉","春学期&nbsp;&nbsp;火２時限","専門選択","３年以上","2","５１-０７-０６(共通ゼミ室)","西早稲田（旧大久保）","26GC023008","01","英語","ELCX31ZL","電気電子工学","電気電子工学","通信・ネットワーク工学","上級レベル","講義"
"2018年度","基幹理工学部","Mobile CommunicationsIPSE Course","甲藤　二郎／劉　江","春学期&nbsp;&nbsp;金３時限","専門選択","３年以上","2","５８-３１５ゼミ室（共通ゼミ室）","西早稲田（旧大久保）","26GC023009","01","英語","INFJ31ZL","情報学","ネットワークと通信","一般","上級レベル","講義"
"2018年度","基幹理工学部","Info-Telecommunication and the StandardizationIPSE Course","佐藤　拓朗／丹　康雄／前田　洋一","秋学期&nbsp;&nbsp;水５時限","専門選択","３年以上","2","６０-１０２教室","西早稲田（旧大久保）","26GC023010","01","英語","INFR31ZL","情報学","社会問題と実践","一般","上級レベル","講義"
"2018年度","基幹理工学部","Image Engineering FundamentalsIPSE Course","大谷　淳","春学期&nbsp;&nbsp;月４時限","専門選択","３年以上","2","５２-３０１教室","西早稲田（旧大久保）","26GC023011","01","英語","INFL31ZL","情報学","プラットフォームベース開発","一般","上級レベル","講義"
"2018年度","基幹理工学部","Network EngineeringIPSE Course","中里　秀則","秋学期&nbsp;&nbsp;月３時限","専門選択","４年以上","2","６０-０３-０２(共通ゼミ室)","西早稲田（旧大久保）","26GC024001","01","英語","INFJ41ZL","情報学","ネットワークと通信","一般","総仕上げ","講義"
"2018年度","基幹理工学部","Image ProcessingIPSE Course","渡辺　裕","春学期&nbsp;&nbsp;水３時限","専門選択","４年以上","2","５３-１０４教室","西早稲田（旧大久保）","26GC024002","01","英語","ELCX41ZL","電気電子工学","電気電子工学","通信・ネットワーク工学","総仕上げ","講義"
"2018年度","基幹理工学部","Distributed Embedded and Real-Time ProcessingIPSE Course","中島　達夫","秋学期&nbsp;&nbsp;金２時限","専門選択","４年以上","2","５３-Ｂ０３教室","西早稲田（旧大久保）","26GC024003","01","英語","INFK41ZL","情報学","オペレーティングシステム","一般","総仕上げ","講義"
"2018年度","基幹理工学部","Business and Global StandardizationIPSE Course","岩垂　邦秀／佐藤　拓朗／千葉　祐介","春学期&nbsp;&nbsp;水５時限","専門選択","４年以上","2","６０-１０２教室","西早稲田（旧大久保）","26GC024004","01","英語","INFR41ZL","情報学","社会問題と実践","一般","総仕上げ","講義"
"2018年度","基幹理工学部","Advanced Image InformationIPSE Course","甲藤　二郎","春学期&nbsp;&nbsp;金２時限","専門選択","４年以上","2","５４-２０４教室","西早稲田（旧大久保）","26GC024005","01","英語","INFE41ZL","情報学","グラフィクスと可視化","一般","総仕上げ","講義"
"2018年度","基幹理工学部","Reliable SoftwareIPSE Course","上田　和紀","春学期&nbsp;&nbsp;水２時限","専門選択","４年以上","2","５４-１０３教室","西早稲田（旧大久保）","26GC024006","01","英語","INFP41ZL","情報学","ソフトウェア工学","一般","総仕上げ","講義"
"2018年度","基幹理工学部","Information RetrievalIPSE Course","山名　早人","秋学期&nbsp;&nbsp;木１時限","専門選択","４年以上","2","５２-３０３教室","西早稲田（旧大久保）","26GC024008","01","英語","INFI41ZL","情報学","知的システム","一般","総仕上げ","講義"
"2018年度","基幹理工学部","Advanced Processor Architecture TechnologyIPSE Course","木村　啓二","春学期&nbsp;&nbsp;金３時限","専門選択","４年以上","2","５４-４０３教室","西早稲田（旧大久保）","26GC024009","01","英語","INFB41ZL","情報学","アーキテクチャと計算機構成","一般","総仕上げ","講義"
"2018年度","基幹理工学部","Digital System DesignIPSE Course","戸川　望","冬クォーター&nbsp;&nbsp;月４-５","専門選択","４年以上","2","６０-２０２教室","西早稲田（旧大久保）","26GC024010","01","英語","INFB41ZL","情報学","アーキテクチャと計算機構成","一般","総仕上げ","講義"
"2018年度","基幹理工学部","Wireless Signal ProcessingIPSE Course","前原　文明","春学期&nbsp;&nbsp;月３時限","専門選択","４年以上","2","６１-３１０教室","西早稲田（旧大久保）","26GC024011","01","英語","ELCX41ZL","電気電子工学","電気電子工学","通信・ネットワーク工学","総仕上げ","講義"
"2018年度","基幹理工学部","Advanced Intelligent SoftwareIPSE Course","菅原　俊治","秋学期&nbsp;&nbsp;火３時限","専門選択","４年以上","2","６１-４０1教室","西早稲田（旧大久保）","26GC024012","01","英語","INFI41ZL","情報学","知的システム","一般","総仕上げ","講義"
"2018年度","基幹理工学部","Software Quality AssuranceIPSE Course","鷲崎　弘宜","春学期&nbsp;&nbsp;火４時限","専門選択","４年以上","2","５３-２０１教室","西早稲田（旧大久保）","26GC024013","01","英語","INFP41ZL","情報学","ソフトウェア工学","一般","総仕上げ","講義"
"2018年度","基幹理工学部","Computer Vision and Pattern AnalysisIPSE Course","石川　博／杉本　晃宏","春学期&nbsp;&nbsp;水４時限","専門選択","４年以上","2","６１-２１４教室","西早稲田（旧大久保）","26GC024014","01","英語","INFE41ZL","情報学","グラフィクスと可視化","一般","総仕上げ","講義"
"2018年度","基幹理工学部","Foundations for Information Access EvaluationIPSE Course","酒井　哲也","春学期&nbsp;&nbsp;火３時限","専門選択","４年以上","2","５３-４０１教室","西早稲田（旧大久保）","26GC024015","01","英語","INFI41ZL","情報学","知的システム","一般","総仕上げ","講義"
"2018年度","基幹理工学部","Cloud SystemsIPSE Course","中里　秀則","秋学期&nbsp;&nbsp;月５時限","専門選択","４年以上","2","５２-１０２教室","西早稲田（旧大久保）","26GC024016","01","英語","INFB41ZL","情報学","アーキテクチャと計算機構成","一般","総仕上げ","講義"
"2018年度","基幹理工学部","Advanced Wireless AccessIPSE Course","嶋本　薫","秋学期&nbsp;&nbsp;月３時限","専門選択","４年以上","2","６０-２０２教室","西早稲田（旧大久保）","26GC024017","01","英語","ELCX41ZL","電気電子工学","電気電子工学","通信・ネットワーク工学","総仕上げ","講義"
"2018年度","基幹理工学部","Algorithms in Computational BiologyIPSE Course","清水　佳奈","秋学期&nbsp;&nbsp;火２時限","専門選択","４年以上","2","５３-３０３教室","西早稲田（旧大久保）","26GC024018","01","英語","INFV61ZL","情報学","その他","一般","修士レベル","講義"
"2018年度","基幹理工学部","Pattern Recognition and Machine LearningIPSE Course","小川　哲司／小林　哲則","春学期&nbsp;&nbsp;火２時限","専門選択","４年以上","2","５２-２０２教室","西早稲田（旧大久保）","26GC024019","01","英語","INFI61ZL","情報学","知的システム","一般","修士レベル","講義"
"2018年度","基幹理工学部","Perceptual ComputingIPSE Course","小川　哲司／小林　哲則／林　良彦","秋学期&nbsp;&nbsp;火２時限","専門選択","４年以上","2","５４-２０２教室","西早稲田（旧大久保）","26GC024020","01","英語","INFI61ZL","情報学","知的システム","一般","修士レベル","講義"
"2018年度","基幹理工学部","Wireless Communications NetworkIPSE Course","高畑　文雄","秋学期&nbsp;&nbsp;金２時限","専門選択","４年以上","2","６１-４０９教室","西早稲田（旧大久保）","26GC024021","01","英語","ELCX61ZL","電気電子工学","電気電子工学","通信・ネットワーク工学","修士レベル","講義"
"2018年度","基幹理工学部","Analysis of Networked SystemsIPSE Course","森　達哉","秋学期&nbsp;&nbsp;金１時限","専門選択","４年以上","2","５３-１０４教室","西早稲田（旧大久保）","26GC024023","01","英語","INFJ41ZL","情報学","ネットワークと通信","一般","総仕上げ","講義"
"2018年度","基幹理工学部","Data MiningIPSE Course","山名　早人","春学期&nbsp;&nbsp;木１時限","専門選択","４年以上","2","５２-３０３教室","西早稲田（旧大久保）","26GC024026","01","英語","INFH41ZL","情報学","情報管理","一般","総仕上げ","講義"
"2018年度","基幹理工学部","Design and Implementation of Programming LanguagesIPSE Course","寺内　多智弘","秋学期&nbsp;&nbsp;月３時限","専門選択","４年以上","2","５１-８０１ゼミ室（共通ゼミ室）","西早稲田（旧大久保）","26GC024027","01","英語","INFN41ZL","情報学","プログラミング言語","一般","総仕上げ","講義"
"2018年度","基幹理工学部","Circuit Theory AIPSE Course","小川　哲司／パン　ジェニー／森　達哉","秋学期&nbsp;&nbsp;水５時限","専門選択必修","２年以上","2","５４-Ｂ０２教室","西早稲田（旧大久保）","26GC032001","01","英語","ELCX20ZL","電気電子工学","電気電子工学","電気電子工学","中級レベル（発展・応用）","講義"
"2018年度","基幹理工学部","Logic CircuitsIPSE Course","小川　哲司","秋学期&nbsp;&nbsp;火５時限","専門選択必修","２年以上","2","５４-１０４教室","西早稲田（旧大久保）","26GC032002","01","英語","INFB21ZL","情報学","アーキテクチャと計算機構成","一般","中級レベル（発展・応用）","講義"
"2018年度","基幹理工学部","Fundamentals of ProgrammingIPSE Course","劉　江","春クォーター&nbsp;&nbsp;01:月１時限／02:水５時限","専門選択必修","２年以上","2","01:６３号館３階端末室Ｇルーム／02:６３号館３階端末室Ｇルーム","西早稲田（旧大久保）","26GC032003","01","英語","INFP21ZL","情報学","ソフトウェア工学","一般","中級レベル（発展・応用）","講義"
"2018年度","基幹理工学部","Algorithms and Data StructuresIPSE Course","石川　博／上田　和紀／木村　大輔／清水　佳奈／劉　江","春学期&nbsp;&nbsp;火５時限","専門選択必修","２年以上","2","５４-１０２教室","西早稲田（旧大久保）","26GC032005","01","英語","INFP21ZL","情報学","ソフトウェア工学","一般","中級レベル（発展・応用）","講義"
"2018年度","基幹理工学部","Computer SystemsIPSE Course","木村　啓二／劉　江","春学期&nbsp;&nbsp;水４時限","専門選択必修","２年以上","2","５４-Ｂ０１教室","西早稲田（旧大久保）","26GC032006","01","英語","INFB21ZL","情報学","アーキテクチャと計算機構成","一般","中級レベル（発展・応用）","講義"
"2018年度","基幹理工学部","Computer Science and Engineering LaboratoryIPSE Course","石川　博／上田　和紀／内田　真人／小川　哲司／笠原　博徳／亀山　渉／木村　啓二／後藤　滋樹／齋藤　大輔／酒井　哲也／清水　佳奈／菅原　俊治／寺内　多智弘／中里　秀則／中島　達夫／深澤　良彰／山名　早人／劉　江／鷲崎　弘宜","秋学期&nbsp;&nbsp;火１-２","専門選択必修","３年以上","2","&nbsp;","西早稲田（旧大久保）","26GC033001","01","英語","INFY31ZW","情報学","総合","一般","上級レベル","実習／実験／実技"
"2018年度","基幹理工学部","Signal ProcessingIPSE Course","高畑　文雄／ベッカリ　アブデルモウラ／前原　文明","秋学期&nbsp;&nbsp;月６時限","専門選択必修","３年以上","2","５３-１０３教室","西早稲田（旧大久保）","26GC033002","01","英語","ELCX31ZL","電気電子工学","電気電子工学","通信・ネットワーク工学","上級レベル","講義"
"2018年度","基幹理工学部","Information Network SystemsIPSE Course","菅原　俊治／フォンテュニュ　ロマン　ティボ／劉　江","秋学期&nbsp;&nbsp;木５時限","専門選択必修","３年以上","2","５３-Ｂ０１教室","西早稲田（旧大久保）","26GC033003","01","英語","INFJ31ZL","情報学","ネットワークと通信","一般","上級レベル","講義"
"2018年度","基幹理工学部","Research Project AIPSE Course","石川　博／上田　和紀／内田　真人／小川　哲司／笠原　博徳／甲藤　二郎／亀山　渉／木村　啓二／小林　哲則／後藤　滋樹／酒井　哲也／佐藤　拓朗／嶋本　薫／清水　佳奈／シモセラ　エドガー／菅原　俊治／高畑　文雄／田中　良明／寺内　多智弘／戸川　望／中里　秀則／中島　達夫／パン　ジェニー／深澤　良彰／本位田　真一／前原　文明／森　達哉／山名　早人／劉　江／鷲崎　弘宜／渡辺　裕","秋学期&nbsp;&nbsp;無その他","専門選択必修","３年以上","2","&nbsp;","西早稲田（旧大久保）","26GC033004","01","英語","INFC31ZG","情報学","計算科学","一般","上級レベル","研究指導"
"2018年度","基幹理工学部","Operating SystemsIPSE Course","内田　真人／中島　達夫／山名　早人","春学期&nbsp;&nbsp;月５時限","専門選択必修","３年以上","2","５８-３１７ゼミ室（共通ゼミ室）","西早稲田（旧大久保）","26GC033005","01","英語","INFK31ZL","情報学","オペレーティングシステム","一般","上級レベル","講義"
"2018年度","基幹理工学部","Information Security BasicsIPSE Course","後藤　滋樹／パン　ジェニー","春学期&nbsp;&nbsp;水２時限","専門選択必修","３年以上","2","５３-１０１教室","西早稲田（旧大久保）","26GC033006","01","英語","INFG31ZL","情報学","情報保全とセキュリティ","一般","上級レベル","講義"
"2018年度","基幹理工学部","Research Project DIPSE Course","石川　博／上田　和紀／内田　真人／小川　哲司／笠原　博徳／甲藤　二郎／亀山　渉／木村　啓二／小林　哲則／後藤　滋樹／酒井　哲也／佐藤　拓朗／嶋本　薫／清水　佳奈／菅原　俊治／高畑　文雄／田中　良明／戸川　望／中里　秀則／中島　達夫／パン　ジェニー／深澤　良彰／本位田　真一／前原　文明／森　達哉／山名　早人／劉　江／鷲崎　弘宜／渡辺　裕","春学期&nbsp;&nbsp;無その他","専門選択必修","４年以上","2","&nbsp;","西早稲田（旧大久保）","26GC034001","01","英語","INFC41ZG","情報学","計算科学","一般","総仕上げ","研究指導"